<?xml version="1.0" encoding="UTF-8"?>
<application xmlns="http://xmlns.jcp.org/xml/ns/javaee"
	xmlns:xsi="http://www.w3.org/2001/XMLSchema-instance"
	xsi:schemaLocation="http://xmlns.jcp.org/xml/ns/javaee  http://xmlns.jcp.org/xml/ns/javaee/application_7.xsd"
	version="7">

	<application-name>example</application-name>

	<module>
		<ejb>javaee-fullstack-ejb-${project.version}.jar</ejb>
<!-- 		<java>javaee-fullstack-ejb-${project.version}.jar</java> -->
	</module>
	<module>
		<web>
			<web-uri>javaee-fullstack-war-${project.version}.war</web-uri>
			<context-root>javaee-fullstack</context-root>
		</web>
	</module>
</application>